fic,costat,datafmt,indfmt,consol,gvkey,datadate,conm,exchg,naics,dlc,dltt,emp,oiadp,prc,revt,sale,cshoi,nicon,ninc
AUS,A,HIST_STD,INDL,C,013312,2015-06-30,BHP GROUP LTD,106,212,3201.0000,27969.0000,29.6700,11535.0000,0.0000,44636.0000,44636.0000,3210.85200,3422.00000,
AUS,A,HIST_STD,INDL,C,013312,2016-06-30,BHP GROUP LTD,106,212,4653.0000,31768.0000,26.8270,2802.0000,0.0000,30912.0000,30912.0000,3211.16000,-6385.00000,
AUS,A,HIST_STD,INDL,C,013312,2017-06-30,BHP GROUP LTD,106,212,1241.0000,29233.0000,26.1460,11487.0000,0.0000,38285.0000,38285.0000,3212.00000,5890.00000,
AUS,A,HIST_STD,INDL,C,013312,2018-06-30,BHP GROUP LTD,106,212,2736.0000,24069.0000,27.1610,15747.0000,0.0000,43638.0000,43638.0000,3211.49400,6626.00000,
AUS,A,HIST_STD,INDL,C,013312,2019-06-30,BHP GROUP LTD,106,212,1661.0000,23167.0000,28.9260,16541.0000,0.0000,44288.0000,44288.0000,2944.70300,8641.00000,
AUS,A,HIST_STD,INDL,C,013312,2020-06-30,BHP GROUP LTD,106,212,5012.0000,22036.0000,31.5890,14727.0000,0.0000,42931.0000,42931.0000,2945.62100,7956.00000,
AUS,A,HIST_STD,INDL,C,013312,2021-06-30,BHP GROUP LTD,106,212,2628.0000,18355.0000,40.1100,29319.0000,0.0000,60817.0000,60817.0000,2944.98200,11304.00000,
AUS,A,HIST_STD,INDL,C,013312,2022-06-30,BHP GROUP LTD,106,212,2622.0000,13806.0000,45.2950,32940.0000,0.0000,65098.0000,65098.0000,5061.27200,20245.00000,
AUS,A,HIST_STD,INDL,C,013312,2023-06-30,BHP GROUP LTD,106,212,7173.0000,15172.0000,40.2270,21582.0000,0.0000,53817.0000,53817.0000,5064.40900,12921.00000,
AUS,A,HIST_STD,INDL,C,013312,2024-06-30,BHP GROUP LTD,106,212,2084.0000,18634.0000,38.9620,22771.0000,0.0000,55658.0000,55658.0000,5070.27300,7897.00000,
AUS,A,HIST_STD,INDL,C,013312,2025-06-30,BHP GROUP LTD,106,212,2018.0000,22478.0000,39.3690,19240.0000,0.0000,51262.0000,51262.0000,5075.29100,9019.00000,
GBR,A,HIST_STD,INDL,C,015508,2014-12-31,ANGLO AMERICAN PLC,194,212,1618.0000,16917.0000,95.0000,4271.0000,0.0000,27073.0000,27073.0000,1280.00600,-2513.00000,
GBR,A,HIST_STD,INDL,C,015508,2015-12-31,ANGLO AMERICAN PLC,194,212,1649.0000,16318.0000,128.0000,1364.0000,0.0000,20455.0000,20455.0000,1284.52700,-5624.00000,
GBR,A,HIST_STD,INDL,C,015508,2016-12-31,ANGLO AMERICAN PLC,194,212,1806.0000,11363.0000,95.0000,3254.0000,0.0000,21378.0000,21378.0000,1278.49900,1594.00000,
GBR,A,HIST_STD,INDL,C,015508,2017-12-31,ANGLO AMERICAN PLC,194,212,1351.0000,10620.0000,69.0000,5191.0000,0.0000,26243.0000,26243.0000,1269.97100,3166.00000,
GBR,A,HIST_STD,INDL,C,015508,2018-12-31,ANGLO AMERICAN PLC,194,212,600.0000,8371.0000,64.0000,5061.0000,0.0000,27610.0000,27610.0000,1266.74300,3549.00000,
GBR,A,HIST_STD,INDL,C,015508,2019-12-31,ANGLO AMERICAN PLC,194,212,990.0000,9744.0000,60.0000,6290.0000,0.0000,29870.0000,29870.0000,1242.26800,3547.00000,
GBR,A,HIST_STD,INDL,C,015508,2020-12-31,ANGLO AMERICAN PLC,194,212,1194.0000,12317.0000,95.0000,6629.0000,0.0000,30902.0000,30902.0000,1238.75700,2089.00000,
GBR,A,HIST_STD,INDL,C,015508,2021-12-31,ANGLO AMERICAN PLC,194,212,1235.0000,11621.0000,106.0000,17198.0000,0.0000,41554.0000,41554.0000,1218.22100,8562.00000,
GBR,A,HIST_STD,INDL,C,015508,2022-12-31,ANGLO AMERICAN PLC,194,212,1420.0000,12945.0000,105.0000,10896.0000,0.0000,35118.0000,35118.0000,1212.96000,4514.00000,
GBR,A,HIST_STD,INDL,C,015508,2023-12-31,ANGLO AMERICAN PLC,194,212,1740.0000,15172.0000,,6534.0000,0.0000,30652.0000,30652.0000,1212.33200,283.00000,
GBR,A,HIST_STD,INDL,C,015508,2024-12-31,ANGLO AMERICAN PLC,194,212,2019.0000,16191.0000,55.5420,4924.0000,0.0000,27290.0000,27290.0000,1213.39300,-3068.00000,
GBR,A,HIST_STD,INDL,C,019565,2014-12-31,RIO TINTO GROUP,194,212,2664.0000,22411.0000,60.0000,12718.0000,0.0000,47664.0000,47664.0000,1414.14700,6527.00000,
GBR,A,HIST_STD,INDL,C,019565,2015-12-31,RIO TINTO GROUP,194,212,2253.0000,20810.0000,54.8880,4019.0000,0.0000,34829.0000,34829.0000,1374.04600,-866.00000,
GBR,A,HIST_STD,INDL,C,019565,2016-12-31,RIO TINTO GROUP,194,212,717.0000,16913.0000,51.0180,5993.0000,0.0000,33781.0000,33781.0000,1374.82200,4617.00000,
GBR,A,HIST_STD,INDL,C,019565,2017-12-31,RIO TINTO GROUP,194,212,552.0000,14624.0000,46.8070,11591.0000,0.0000,40030.0000,40030.0000,1342.05800,8762.00000,
GBR,A,HIST_STD,INDL,C,019565,2018-12-31,RIO TINTO GROUP,194,212,312.0000,12440.0000,47.4580,12482.0000,0.0000,40522.0000,40522.0000,1276.37200,13638.00000,
GBR,A,HIST_STD,INDL,C,019565,2019-12-31,RIO TINTO GROUP,194,212,1022.0000,13093.0000,46.0000,13443.0000,0.0000,43165.0000,43165.0000,1249.05800,8010.00000,
GBR,A,HIST_STD,INDL,C,019565,2020-12-31,RIO TINTO GROUP,194,212,584.0000,13247.0000,47.5000,16905.0000,0.0000,44611.0000,44611.0000,1246.58900,9769.00000,
GBR,A,HIST_STD,INDL,C,019565,2021-12-31,RIO TINTO GROUP,194,212,1136.0000,12395.0000,49.0000,29428.0000,0.0000,63495.0000,63495.0000,1247.83400,21094.00000,
GBR,A,HIST_STD,INDL,C,019565,2022-12-31,RIO TINTO GROUP,194,212,1215.0000,11056.0000,54.0000,17945.0000,0.0000,55554.0000,55554.0000,1249.37300,12420.00000,
GBR,A,HIST_STD,INDL,C,019565,2023-12-31,RIO TINTO GROUP,194,212,1169.0000,13183.0000,57.0000,14867.0000,0.0000,54041.0000,54041.0000,1251.02100,10058.00000,
GBR,A,HIST_STD,INDL,C,019565,2024-12-31,RIO TINTO GROUP,194,212,534.0000,13321.0000,60.0000,13990.0000,0.0000,53658.0000,53658.0000,1252.64300,11552.00000,
CHN,A,HIST_STD,INDL,C,140756,2014-12-31,CHINA PETROLEUM & CHEMICAL,170,457120,178148.0000,150932.0000,358.5710,76292.0000,0.0000,2781641.0000,2781641.0000,25513.43900,46466.00000,
CHN,A,HIST_STD,INDL,C,140756,2015-12-31,CHINA PETROLEUM & CHEMICAL,170,457120,115446.0000,139746.0000,351.0190,58682.0000,0.0000,1976412.0000,1976412.0000,25513.43900,32438.00000,
CHN,A,HIST_STD,INDL,C,140756,2016-12-31,CHINA PETROLEUM & CHEMICAL,170,457120,74819.0000,117446.0000,451.6110,64004.0000,0.0000,1880190.0000,1880190.0000,25513.43900,46672.00000,
CHN,A,HIST_STD,INDL,C,140756,2017-12-31,CHINA PETROLEUM & CHEMICAL,170,457120,80649.0000,99124.0000,446.2250,81473.0000,0.0000,2300470.0000,2300470.0000,25513.43900,51244.00000,
CHN,A,HIST_STD,INDL,C,140756,2018-12-31,CHINA PETROLEUM & CHEMICAL,170,457120,61127.0000,93527.0000,423.5430,78742.0000,0.0000,2825613.0000,2825613.0000,25513.43900,61618.00000,
CHN,A,HIST_STD,INDL,C,140756,2019-12-31,CHINA PETROLEUM & CHEMICAL,170,457120,99008.0000,236456.0000,402.2060,81813.0000,0.0000,2900488.0000,2900488.0000,25513.43900,57465.00000,
CHN,A,HIST_STD,INDL,C,140756,2020-12-31,CHINA PETROLEUM & CHEMICAL,170,457120,44325.0000,256121.0000,384.0650,14312.0000,0.0000,2049456.0000,2049456.0000,25513.43900,33096.00000,
CHN,A,HIST_STD,INDL,C,140756,2021-12-31,CHINA PETROLEUM & CHEMICAL,170,457120,53298.0000,262223.0000,385.6910,117238.0000,0.0000,2740884.0000,2740884.0000,25513.43900,71208.00000,
CHN,A,HIST_STD,INDL,C,140756,2022-12-31,CHINA PETROLEUM & CHEMICAL,170,457120,82333.0000,274368.0000,374.7910,82226.0000,0.0000,3257356.0000,3257356.0000,24780.93700,66153.00000,
CHN,A,HIST_STD,INDL,C,140756,2023-12-31,CHINA PETROLEUM & CHEMICAL,170,457120,88507.0000,351724.0000,368.0090,85694.0000,0.0000,3146873.0000,3146873.0000,24377.28100,58310.00000,
CHN,A,HIST_STD,INDL,C,140756,2024-12-31,CHINA PETROLEUM & CHEMICAL,170,457120,110295.0000,365400.0000,355.9520,68083.0000,0.0000,3015321.0000,3015321.0000,,48939.00000,
RUS,A,HIST_STD,INDL,C,206454,2014-12-31,GAZPROM PJSC,332,324110,464782.0000,2224042.0000,450.0000,1197569.0000,0.0000,5477278.0000,5477278.0000,23000.00000,159004.00000,
RUS,A,HIST_STD,INDL,C,206454,2015-12-31,GAZPROM PJSC,332,324110,646372.0000,2795843.0000,462.4000,1276397.0000,0.0000,6073318.0000,6073318.0000,23000.00000,787056.00000,
RUS,A,HIST_STD,INDL,C,206454,2016-12-31,GAZPROM PJSC,332,324110,447080.0000,2382543.0000,467.4000,842464.0000,0.0000,6111051.0000,6111051.0000,22100.00000,951637.00000,
RUS,A,HIST_STD,INDL,C,206454,2017-12-31,GAZPROM PJSC,332,324110,874805.0000,2391713.0000,469.6000,869488.0000,0.0000,6546143.0000,6546143.0000,22100.00000,714302.00000,
RUS,A,HIST_STD,INDL,C,206454,2018-12-31,GAZPROM PJSC,332,324110,569061.0000,3294761.0000,466.1000,2038094.0000,0.0000,8224177.0000,8224177.0000,22127.00000,1456270.00000,
RUS,A,HIST_STD,INDL,C,206454,2019-12-31,GAZPROM PJSC,332,324110,816222.0000,3295195.0000,473.8000,1349947.0000,0.0000,7659623.0000,7659623.0000,23644.51300,1202887.00000,
RUS,A,HIST_STD,INDL,C,206454,2020-12-31,GAZPROM PJSC,332,324110,734986.0000,4425568.0000,477.6000,575427.0000,0.0000,6321559.0000,6321559.0000,23645.00000,133834.00000,
RUS,A,HIST_STD,INDL,C,206454,2021-12-31,GAZPROM PJSC,332,324110,750125.0000,4417286.0000,468.0000,2869328.0000,0.0000,10241353.0000,10241353.0000,23645.00000,2082484.00000,
RUS,A,HIST_STD,INDL,C,206454,2022-12-31,GAZPROM PJSC,332,324110,760855.0000,4576117.0000,,2946734.0000,0.0000,11673950.0000,11673950.0000,23645.00000,1208352.00000,
RUS,A,HIST_STD,INDL,C,206454,2023-12-31,GAZPROM PJSC,332,324110,1379509.0000,5670239.0000,,557271.0000,0.0000,8541818.0000,8541818.0000,23645.00000,-652012.00000,
RUS,A,HIST_STD,INDL,C,206454,2024-12-31,GAZPROM PJSC,332,324110,1523258.0000,5659427.0000,,1726973.0000,0.0000,10714686.0000,10714686.0000,23645.00000,1162077.00000,
RUS,A,HIST_STD,INDL,C,206457,2014-12-31,PJSC LUKOIL,332,324110,2168.0000,11361.0000,,8765.0000,0.0000,144167.0000,144167.0000,754.86600,4746.00000,
RUS,A,HIST_STD,INDL,C,206457,2015-12-31,PJSC LUKOIL,332,324110,60506.0000,799207.0000,,344805.0000,0.0000,5749050.0000,5749050.0000,712.93300,291135.00000,
RUS,A,HIST_STD,INDL,C,206457,2016-12-31,PJSC LUKOIL,332,324110,58429.0000,640161.0000,,409188.0000,0.0000,5227045.0000,5227045.0000,712.93300,206794.00000,
RUS,A,HIST_STD,INDL,C,206457,2017-12-31,PJSC LUKOIL,332,324110,128713.0000,487647.0000,,481429.0000,0.0000,5936705.0000,5936705.0000,709.63300,418805.00000,
RUS,A,HIST_STD,INDL,C,206457,2018-12-31,PJSC LUKOIL,332,324110,99625.0000,435422.0000,,760622.0000,0.0000,8035889.0000,8035889.0000,696.89300,619174.00000,
RUS,A,HIST_STD,INDL,C,206457,2019-12-31,PJSC LUKOIL,332,324110,130300.0000,422932.0000,101.3740,806584.0000,0.0000,7841246.0000,7841246.0000,652.88100,640178.00000,
RUS,A,HIST_STD,INDL,C,206457,2020-12-31,PJSC LUKOIL,332,324110,82636.0000,577075.0000,,228409.0000,0.0000,5507098.0000,5507098.0000,652.49900,15175.00000,
RUS,A,HIST_STD,INDL,C,206457,2021-12-31,PJSC LUKOIL,332,324110,80251.0000,677699.0000,,985019.0000,0.0000,9268485.0000,9268485.0000,650.34400,773442.00000,
RUS,A,HIST_STD,INDL,C,206457,2023-12-31,PJSC LUKOIL,332,324110,82191.0000,313937.0000,,1350178.0000,0.0000,7928303.0000,7928303.0000,692.33600,1154664.00000,
RUS,A,HIST_STD,INDL,C,206457,2024-12-31,PJSC LUKOIL,332,324110,53956.0000,326050.0000,,1141487.0000,0.0000,8621561.0000,8621561.0000,677.67600,848514.00000,
IND,A,HIST_STD,INDL,C,208175,2015-03-31,OIL & NATURAL GAS CORP LTD,219,2111,63617.1300,475827.5400,,256115.9000,0.0000,1608897.4900,1608897.4900,8555.49000,183335.20000,
IND,A,HIST_STD,INDL,C,208175,2016-03-31,OIL & NATURAL GAS CORP LTD,219,2111,97744.4700,462719.3200,,236309.5400,0.0000,1314978.6900,1314978.6900,8555.49000,141238.09000,
IND,A,HIST_STD,INDL,C,208175,2017-03-31,OIL & NATURAL GAS CORP LTD,219,2111,127710.6700,456545.4900,36.8250,218193.8200,0.0000,1257846.0800,1257846.0800,12833.23500,204978.73000,
IND,A,HIST_STD,INDL,C,208175,2018-03-31,OIL & NATURAL GAS CORP LTD,219,2111,515250.4500,550248.9800,35.6820,326275.8700,0.0000,3227055.1700,3227055.1700,12833.23500,221059.28000,
IND,A,HIST_STD,INDL,C,208175,2019-03-31,OIL & NATURAL GAS CORP LTD,219,2111,545984.1600,531440.5800,34.4880,507805.6900,0.0000,4213852.8700,4213852.8700,12580.27900,304949.61000,
IND,A,HIST_STD,INDL,C,208175,2020-03-31,OIL & NATURAL GAS CORP LTD,219,2111,485949.6100,800982.6400,30.1050,262554.7300,0.0000,3968029.1100,3968029.1100,12580.27900,109071.48000,
IND,A,HIST_STD,INDL,C,208175,2021-03-31,OIL & NATURAL GAS CORP LTD,219,2111,459990.1200,946198.2200,28.4790,234841.7200,0.0000,3040009.8300,3040009.8300,12580.27900,162486.88000,
IND,A,HIST_STD,INDL,C,208175,2021-12-31,OIL & NATURAL GAS CORP LTD,219,2111,,,,,,,,,,
IND,A,HIST_STD,INDL,C,208175,2022-03-31,OIL & NATURAL GAS CORP LTD,219,2111,307687.9000,988572.5000,27.1650,575488.7900,0.0000,4912698.0000,4912698.0000,12580.27900,455221.06000,
IND,A,HIST_STD,INDL,C,208175,2022-12-31,OIL & NATURAL GAS CORP LTD,219,2111,,,,,,,,,,
IND,A,HIST_STD,INDL,C,208175,2023-03-31,OIL & NATURAL GAS CORP LTD,219,2111,430643.3600,1067630.7400,25.9930,530705.0200,0.0000,6323259.6800,6323259.6800,12580.27900,354404.78000,
IND,A,HIST_STD,INDL,C,208175,2024-03-31,OIL & NATURAL GAS CORP LTD,219,2111,573583.2600,1034574.0800,25.8470,738214.8700,0.0000,5914471.2100,5914471.2100,12580.27900,492213.78000,
IND,A,HIST_STD,INDL,C,208175,2025-03-31,OIL & NATURAL GAS CORP LTD,219,2111,649583.8900,1228589.1300,24.3780,544403.0500,0.0000,6630653.7000,6630653.7000,12580.27900,362256.23000,
BRA,A,HIST_STD,INDL,C,209382,2014-12-31,VALE SA,243,212210,3768.0000,77333.0000,,17379.0000,0.0000,88275.0000,88275.0000,3185.65300,954.00000,
BRA,A,HIST_STD,INDL,C,209382,2015-12-31,VALE SA,243,212210,9788.0000,104214.0000,,5010.0000,0.0000,85499.0000,85499.0000,3185.65300,-44213.00000,
BRA,A,HIST_STD,INDL,C,209382,2016-12-31,VALE SA,243,212210,5410.0000,92680.0000,,27763.0000,0.0000,94633.0000,94633.0000,3185.65300,17470.00000,
BRA,A,HIST_STD,INDL,C,209382,2017-12-31,VALE SA,243,212210,5633.0000,72839.0000,,35948.0000,0.0000,108532.0000,108532.0000,5197.43200,20235.00000,
BRA,A,HIST_STD,INDL,C,209382,2018-12-31,VALE SA,243,212210,3889.0000,61493.0000,,46546.0000,0.0000,134483.0000,134483.0000,5126.25800,25967.00000,
BRA,A,HIST_STD,INDL,C,209382,2019-12-31,VALE SA,243,212210,9756.0000,68307.0000,,52208.0000,0.0000,148640.0000,148640.0000,5128.28200,-6672.00000,
BRA,A,HIST_STD,INDL,C,209382,2020-12-31,VALE SA,243,212210,9660.0000,94827.0000,74.3160,97471.0000,0.0000,208529.0000,208529.0000,5129.91100,26713.00000,
BRA,A,HIST_STD,INDL,C,209382,2021-12-31,VALE SA,243,212210,6720.0000,89267.0000,,165563.0000,0.0000,293524.0000,293524.0000,4839.61700,133712.00000,
BRA,A,HIST_STD,INDL,C,209382,2022-12-31,VALE SA,243,212210,2552.0000,77996.0000,,96383.0000,0.0000,226508.0000,226508.0000,4483.07900,86106.00000,
BRA,A,HIST_STD,INDL,C,209382,2023-12-31,VALE SA,243,212210,4940.0000,76376.0000,,73012.0000,0.0000,208066.0000,208066.0000,4299.85400,39940.00000,
BRA,A,HIST_STD,INDL,C,209382,2024-12-31,VALE SA,243,212210,7223.0000,102516.0000,64.6160,58139.0000,0.0000,206005.0000,206005.0000,4268.72000,31592.00000,
IND,A,HIST_STD,INDL,C,212777,2015-03-31,INDIAN OIL CORP LTD,219,324110,280970.1000,367958.9000,32.9620,61310.6000,0.0000,4495086.6000,4495086.6000,2427.95200,49120.20000,
IND,A,HIST_STD,INDL,C,212777,2016-03-31,INDIAN OIL CORP LTD,219,324110,309609.9000,303671.2000,32.8030,190689.8000,0.0000,3559266.2000,3559266.2000,2368.61300,112192.20000,
IND,A,HIST_STD,INDL,C,212777,2017-03-31,INDIAN OIL CORP LTD,219,324110,377246.9000,255459.3000,33.1350,274389.0000,0.0000,3553101.1000,3553101.1000,4735.10700,198494.90000,
IND,A,HIST_STD,INDL,C,212777,2018-03-31,INDIAN OIL CORP LTD,219,324110,425892.8000,230605.1000,33.1570,341978.1000,0.0000,4214918.2000,4214918.2000,9459.22500,221894.50000,
IND,A,HIST_STD,INDL,C,212777,2019-03-31,INDIAN OIL CORP LTD,219,324110,576125.9000,391524.5000,33.4980,286158.3000,0.0000,5398781.1000,5398781.1000,9158.48200,173767.00000,
IND,A,HIST_STD,INDL,C,212777,2020-03-31,INDIAN OIL CORP LTD,219,324110,737197.2000,560706.1000,32.9980,112051.9000,0.0000,4881600.4000,4881600.4000,9181.04000,-8931.40000,
IND,A,HIST_STD,INDL,C,212777,2021-03-31,INDIAN OIL CORP LTD,219,324110,557182.0000,609349.0000,31.6480,308894.0000,0.0000,3708062.5000,3708062.5000,9181.04000,216382.10000,
IND,A,HIST_STD,INDL,C,212777,2022-03-31,INDIAN OIL CORP LTD,219,324110,697114.3000,623081.6000,31.2540,370560.6000,0.0000,5893357.4000,5893357.4000,9181.04000,251022.30000,
IND,A,HIST_STD,INDL,C,212777,2023-03-31,INDIAN OIL CORP LTD,219,324110,791872.3000,697898.5000,31.0950,250463.0000,0.0000,8417559.1000,8417559.1000,13771.56100,97921.20000,
IND,A,HIST_STD,INDL,C,212777,2024-03-31,INDIAN OIL CORP LTD,219,324110,795026.7000,531248.9000,30.3210,610711.6000,0.0000,7763518.5000,7763518.5000,13771.56100,417296.90000,
IND,A,HIST_STD,INDL,C,212777,2025-03-31,INDIAN OIL CORP LTD,219,324110,939361.6000,583344.0000,29.9410,216686.6000,0.0000,7581058.1000,7581058.1000,13771.56100,135978.40000,
NOR,A,HIST_STD,INDL,C,220546,2014-12-31,EQUINOR ASA,228,324110,26500.0000,205100.0000,22.5160,120300.0000,0.0000,606800.0000,606800.0000,3178.49200,21900.00000,
NOR,A,HIST_STD,INDL,C,220546,2015-12-31,EQUINOR ASA,228,324110,20500.0000,264000.0000,21.5810,45400.0000,0.0000,465300.0000,465300.0000,3177.63800,-37500.00000,
NOR,A,HIST_STD,INDL,C,220546,2016-12-31,EQUINOR ASA,228,324110,3674.0000,27999.0000,20.5390,775.0000,0.0000,45688.0000,45688.0000,3233.91100,-2922.00000,
NOR,A,HIST_STD,INDL,C,220546,2017-12-31,EQUINOR ASA,228,324110,4091.0000,24183.0000,20.2450,12025.0000,0.0000,60971.0000,60971.0000,3311.92500,4590.00000,
NOR,A,HIST_STD,INDL,C,220546,2018-12-31,EQUINOR ASA,228,324110,2463.0000,23264.0000,20.5250,17994.0000,0.0000,78555.0000,78555.0000,3328.30900,7535.00000,
NOR,A,HIST_STD,INDL,C,220546,2019-12-31,EQUINOR ASA,228,324110,4087.0000,24945.0000,21.4120,10714.0000,0.0000,62911.0000,62911.0000,3305.00800,1843.00000,
NOR,A,HIST_STD,INDL,C,220546,2020-12-31,EQUINOR ASA,228,324110,5777.0000,32338.0000,21.2450,1734.0000,0.0000,45753.0000,45753.0000,3246.24500,-5510.00000,
NOR,A,HIST_STD,INDL,C,220546,2021-12-31,EQUINOR ASA,228,324110,6386.0000,29853.0000,21.1260,32187.0000,0.0000,88744.0000,88744.0000,3232.11600,8563.00000,
NOR,A,HIST_STD,INDL,C,220546,2022-12-31,EQUINOR ASA,228,324110,5617.0000,26550.0000,21.9360,73234.0000,0.0000,149004.0000,149004.0000,3121.94200,28746.00000,
NOR,A,HIST_STD,INDL,C,220546,2023-12-31,EQUINOR ASA,228,324110,7275.0000,24521.0000,23.4490,36038.0000,0.0000,106848.0000,106848.0000,2944.73300,11885.00000,
NOR,A,HIST_STD,INDL,C,220546,2024-12-31,EQUINOR ASA,228,324110,8472.0000,21622.0000,24.1260,29110.0000,0.0000,102502.0000,102502.0000,2727.52700,8806.00000,
CHN,A,HIST_STD,INDL,C,251371,2014-12-31,SHANXI COKING COAL ENERGY,250,2121,3236.4550,13084.0770,,1420.2720,0.0000,23879.1640,23879.1640,3151.20000,273.19900,79.44500
CHN,A,HIST_STD,INDL,C,251371,2015-12-31,SHANXI COKING COAL ENERGY,250,2121,6459.4890,11967.7990,28.8890,1367.1940,0.0000,18290.5010,18290.5010,3151.20000,141.04800,
CHN,A,HIST_STD,INDL,C,251371,2016-12-31,SHANXI COKING COAL ENERGY,250,2121,6378.1090,12011.4720,28.2760,1720.8490,0.0000,19122.2020,19122.2020,3151.20000,434.07700,
CHN,A,HIST_STD,INDL,C,251371,2017-12-31,SHANXI COKING COAL ENERGY,250,2121,7945.6180,12472.8600,28.2890,3665.1340,0.0000,28096.8210,28096.8210,3151.20000,1569.10600,
CHN,A,HIST_STD,INDL,C,251371,2018-12-31,SHANXI COKING COAL ENERGY,250,2121,7209.3320,12605.7030,27.6290,4056.3160,0.0000,31689.4630,31689.4630,3151.20000,1802.42000,
CHN,A,HIST_STD,INDL,C,251371,2019-12-31,SHANXI COKING COAL ENERGY,250,2121,5921.7170,12310.1740,26.6310,4245.4440,0.0000,32295.4280,32295.4280,3151.20000,1710.21500,
CHN,A,HIST_STD,INDL,C,251371,2020-12-31,SHANXI COKING COAL ENERGY,250,2121,7528.9480,8039.2900,33.1520,4142.0180,0.0000,33005.6920,33005.6920,4096.56000,1956.30400,
CHN,A,HIST_STD,INDL,C,251371,2021-12-31,SHANXI COKING COAL ENERGY,250,2121,5090.3650,8409.0420,31.6270,7744.7460,0.0000,44335.7490,44335.7490,4096.56000,4165.82800,
CHN,A,HIST_STD,INDL,C,251371,2022-12-31,SHANXI COKING COAL ENERGY,250,2121,4501.1520,8952.9600,38.3840,18881.7920,0.0000,64435.5540,64435.5540,4096.56000,10721.93300,
CHN,A,HIST_STD,INDL,C,251371,2023-12-31,SHANXI COKING COAL ENERGY,250,2121,3010.5820,6579.2540,36.2840,12253.0590,0.0000,55015.4050,55015.4050,5677.10100,6771.36800,
CHN,A,HIST_STD,INDL,C,251371,2024-12-31,SHANXI COKING COAL ENERGY,250,2121,5432.5200,23889.2200,,5970.3560,0.0000,44823.7130,44823.7130,5677.10100,3108.02800,
CHN,A,HIST_STD,INDL,C,260196,2014-12-31,SHANXI HUAYANG NEW MATERIAL,249,331314,245.4650,0.0000,,1.4130,0.0000,3346.3320,3346.3320,514.40200,19.10600,18.13000
CHN,A,HIST_STD,INDL,C,260196,2015-12-31,SHANXI HUAYANG NEW MATERIAL,249,331314,351.8650,0.0000,0.9850,-21.2650,0.0000,2296.1990,2296.1990,514.40200,-177.23500,
CHN,A,HIST_STD,INDL,C,260196,2016-12-31,SHANXI HUAYANG NEW MATERIAL,249,331314,707.8100,0.0000,0.7110,-75.5930,0.0000,1569.0290,1569.0290,514.40200,32.93200,
CHN,A,HIST_STD,INDL,C,260196,2017-12-31,SHANXI HUAYANG NEW MATERIAL,249,331314,209.7350,200.0000,0.6670,-6.9830,0.0000,850.7240,850.7240,514.40200,7.61100,
CHN,A,HIST_STD,INDL,C,260196,2018-12-31,SHANXI HUAYANG NEW MATERIAL,249,331314,148.4830,200.0000,,-94.7650,0.0000,695.6450,695.6450,514.40200,-114.98300,
CHN,A,HIST_STD,INDL,C,260196,2019-12-31,SHANXI HUAYANG NEW MATERIAL,249,331314,293.2720,0.0000,0.2080,1.1610,0.0000,527.5810,527.5810,514.40200,48.26700,
CHN,A,HIST_STD,INDL,C,260196,2020-12-31,SHANXI HUAYANG NEW MATERIAL,249,331314,199.2720,0.0000,0.2210,-0.3620,0.0000,372.6930,372.6930,514.40200,41.60000,
CHN,A,HIST_STD,INDL,C,260196,2021-12-31,SHANXI HUAYANG NEW MATERIAL,249,331314,253.4130,0.0000,0.2200,-23.6980,0.0000,261.1010,261.1010,514.40200,-44.72500,
CHN,A,HIST_STD,INDL,C,260196,2022-12-31,SHANXI HUAYANG NEW MATERIAL,249,331314,114.4350,217.9360,0.3100,-31.4750,0.0000,307.1990,307.1990,514.40200,-37.10000,
CHN,A,HIST_STD,INDL,C,260196,2023-12-31,SHANXI HUAYANG NEW MATERIAL,249,331314,100.6450,394.0350,0.4110,-172.5020,0.0000,246.6720,246.6720,514.40200,-199.67500,
CHN,A,HIST_STD,INDL,C,260196,2024-12-31,SHANXI HUAYANG NEW MATERIAL,249,331314,346.3360,199.3630,,-126.9920,0.0000,371.4410,371.4410,514.40200,-186.16800,
JEY,A,HIST_STD,INDL,C,267407,2014-12-31,GLENCORE PLC,194,2121,12005.0000,40688.0000,106.8310,4831.0000,0.0000,221073.0000,221073.0000,12984.66500,2308.00000,
JEY,A,HIST_STD,INDL,C,267407,2015-12-31,GLENCORE PLC,194,2121,11117.0000,32932.0000,156.4680,2244.0000,0.0000,170497.0000,170497.0000,14220.33700,-4964.00000,
JEY,A,HIST_STD,INDL,C,267407,2016-12-31,GLENCORE PLC,194,2121,10030.0000,23188.0000,154.8320,2083.0000,0.0000,152948.0000,152948.0000,14227.81100,-744.00000,
JEY,A,HIST_STD,INDL,C,267407,2017-12-31,GLENCORE PLC,194,2121,9402.0000,24532.0000,145.9770,6002.0000,0.0000,205476.0000,205476.0000,14264.89100,5777.00000,
JEY,A,HIST_STD,INDL,C,267407,2018-12-31,GLENCORE PLC,194,2121,8570.0000,26424.0000,158.0000,6641.0000,0.0000,219754.0000,219754.0000,13832.49800,3408.00000,
JEY,A,HIST_STD,INDL,C,267407,2019-12-31,GLENCORE PLC,194,2121,7976.0000,29067.0000,89.0920,2454.0000,0.0000,215111.0000,215111.0000,13194.32100,-404.00000,
JEY,A,HIST_STD,INDL,C,267407,2020-12-31,GLENCORE PLC,194,2121,8252.0000,29227.0000,87.8220,-1835.0000,0.0000,142338.0000,142338.0000,13221.31200,-1903.00000,
JEY,A,HIST_STD,INDL,C,267407,2021-12-31,GLENCORE PLC,194,2121,7830.0000,26811.0000,81.2840,9802.0000,0.0000,203751.0000,203751.0000,13096.59900,4974.00000,
JEY,A,HIST_STD,INDL,C,267407,2022-12-31,GLENCORE PLC,194,2121,9926.0000,18851.0000,81.7060,23798.0000,0.0000,255984.0000,255984.0000,12764.85800,17320.00000,
JEY,A,HIST_STD,INDL,C,267407,2023-12-31,GLENCORE PLC,194,2121,10966.0000,21275.0000,83.4260,8699.0000,0.0000,217829.0000,217829.0000,12173.41200,4280.00000,
JEY,A,HIST_STD,INDL,C,267407,2024-12-31,GLENCORE PLC,194,2121,12843.0000,25264.0000,84.1460,3332.0000,0.0000,230944.0000,230944.0000,12157.25500,-1634.00000,
RUS,A,HIST_STD,INDL,C,269556,2014-12-31,ROSNEFT OIL COMPANY,332,324110,1079000.0000,2190000.0000,,597000.0000,0.0000,5376000.0000,5376000.0000,10598.00000,348000.00000,
RUS,A,HIST_STD,INDL,C,269556,2015-12-31,ROSNEFT OIL COMPANY,332,324110,936000.0000,2283000.0000,,683000.0000,0.0000,5038000.0000,5038000.0000,10598.00000,355000.00000,
RUS,A,HIST_STD,INDL,C,269556,2016-12-31,ROSNEFT OIL COMPANY,332,324110,1569000.0000,1914000.0000,,635000.0000,0.0000,4765000.0000,4765000.0000,10598.00000,181000.00000,
RUS,A,HIST_STD,INDL,C,269556,2017-12-31,ROSNEFT OIL COMPANY,332,324110,2062000.0000,1783000.0000,,560000.0000,0.0000,5628000.0000,5628000.0000,10598.00000,222000.00000,
RUS,A,HIST_STD,INDL,C,269556,2018-12-31,ROSNEFT OIL COMPANY,332,324110,783000.0000,3413000.0000,325.6000,1185000.0000,0.0000,7829000.0000,7829000.0000,10598.00000,549000.00000,
RUS,A,HIST_STD,INDL,C,269556,2019-12-31,ROSNEFT OIL COMPANY,332,324110,626000.0000,3033000.0000,335.0000,1184000.0000,0.0000,8316000.0000,8316000.0000,10598.00000,708000.00000,
RUS,A,HIST_STD,INDL,C,269556,2020-12-31,ROSNEFT OIL COMPANY,332,324110,638000.0000,3810000.0000,,-3000.0000,0.0000,5122000.0000,5122000.0000,9500.00000,147000.00000,
RUS,A,HIST_STD,INDL,C,269556,2021-12-31,ROSNEFT OIL COMPANY,332,324110,698000.0000,3801000.0000,,1367000.0000,0.0000,8634000.0000,8634000.0000,9500.00000,883000.00000,
RUS,A,HIST_STD,INDL,C,269556,2023-12-31,ROSNEFT OIL COMPANY,332,324110,0.0000,0.0000,,2182000.0000,0.0000,9163000.0000,9163000.0000,9500.00000,1529000.00000,
RUS,A,HIST_STD,INDL,C,269556,2024-12-31,ROSNEFT OIL COMPANY,332,324110,0.0000,0.0000,,2129000.0000,0.0000,10139000.0000,10139000.0000,,1341000.00000,
CHN,A,HIST_STD,INDL,C,271039,2014-12-31,TONGLING NONFERROUS METAL,250,3314,17983.5180,5573.7360,,941.5300,0.0000,88643.8530,88643.8530,1912.12900,300.66100,607.48200
CHN,A,HIST_STD,INDL,C,271039,2015-12-31,TONGLING NONFERROUS METAL,250,3314,15715.0770,6187.7680,,484.9110,0.0000,86634.2990,86634.2990,9560.64400,-666.43300,
CHN,A,HIST_STD,INDL,C,271039,2016-12-31,TONGLING NONFERROUS METAL,250,3314,14215.5630,3252.9450,16.0540,1445.1260,0.0000,86391.2340,86391.2340,10526.53300,180.32400,
CHN,A,HIST_STD,INDL,C,271039,2017-12-31,TONGLING NONFERROUS METAL,250,3314,18350.6130,1166.7710,15.8820,2090.3730,0.0000,82028.7040,82028.7040,10526.53300,548.81700,
CHN,A,HIST_STD,INDL,C,271039,2018-12-31,TONGLING NONFERROUS METAL,250,3314,12790.5520,4134.2890,15.7950,2341.8340,0.0000,83346.6020,83346.6020,10526.53300,708.76800,
CHN,A,HIST_STD,INDL,C,271039,2019-12-31,TONGLING NONFERROUS METAL,250,3314,12167.5070,3904.5970,15.2920,1957.3700,0.0000,92199.7750,92199.7750,10526.53300,854.48700,
CHN,A,HIST_STD,INDL,C,271039,2020-12-31,TONGLING NONFERROUS METAL,250,3314,11992.7340,5003.3940,14.4410,2024.8550,0.0000,98284.6450,98284.6450,10526.53300,865.61800,
CHN,A,HIST_STD,INDL,C,271039,2021-12-31,TONGLING NONFERROUS METAL,250,3314,10456.8070,3519.4470,11.8320,5165.6390,0.0000,130139.0720,130139.0720,10526.53300,3101.43700,
CHN,A,HIST_STD,INDL,C,271039,2022-12-31,TONGLING NONFERROUS METAL,250,3314,12589.2180,6282.9110,12.9600,4074.6210,0.0000,121245.9140,121245.9140,10526.53300,2730.36600,
CHN,A,HIST_STD,INDL,C,271039,2023-12-31,TONGLING NONFERROUS METAL,250,3314,12089.1580,12116.7250,12.1590,6047.7320,0.0000,136423.7230,136423.7230,12667.01000,2699.17600,
CHN,A,HIST_STD,INDL,C,271039,2024-12-31,TONGLING NONFERROUS METAL,250,3314,12095.2010,12630.2580,11.6690,6020.7450,0.0000,144631.2830,144631.2830,12784.09000,2808.59600,
CHN,I,HIST_STD,INDL,C,272126,2014-12-31,SHAANXI YANCHANG PETROLEUM,249,237,0.0000,0.0000,,215.7240,0.0000,5188.8470,5188.8470,473.68900,197.98100,32.28100
CHN,I,HIST_STD,INDL,C,272126,2015-12-31,SHAANXI YANCHANG PETROLEUM,249,237,0.0000,0.0000,,133.0620,0.0000,3809.5550,3809.5550,473.68900,121.13600,
CHN,I,HIST_STD,INDL,C,272126,2016-12-31,SHAANXI YANCHANG PETROLEUM,249,237,0.0000,0.0000,3.6130,129.8770,0.0000,3615.6930,3615.6930,607.60600,122.81700,
CHN,I,HIST_STD,INDL,C,272126,2017-12-31,SHAANXI YANCHANG PETROLEUM,249,237,0.0000,0.0000,3.5700,116.0360,0.0000,3876.2370,3876.2370,615.79600,134.14500,
CHN,I,HIST_STD,INDL,C,272126,2018-12-31,SHAANXI YANCHANG PETROLEUM,249,237,0.0000,100.5290,4.5910,394.2900,0.0000,7560.2100,7560.2100,917.95300,281.36200,
CHN,I,HIST_STD,INDL,C,272126,2019-12-31,SHAANXI YANCHANG PETROLEUM,249,237,0.0000,0.0000,4.6840,333.5540,0.0000,8058.5170,8058.5170,917.95300,295.69100,
CHN,A,HIST_STD,INDL,C,282040,2014-12-31,CHINA COAL ENERGY CO,170,212112,13336.9270,81870.9790,,2922.6770,0.0000,69738.5830,69738.5830,4106.66300,766.68100,
CHN,A,HIST_STD,INDL,C,282040,2015-12-31,CHINA COAL ENERGY CO,170,212112,32650.2030,80375.9900,52.6480,811.8820,0.0000,58392.6600,58392.6600,4106.66300,-2520.08900,
CHN,A,HIST_STD,INDL,C,282040,2016-12-31,CHINA COAL ENERGY CO,170,212112,25734.8410,69397.3500,47.1130,5879.0640,0.0000,59842.3950,59842.3950,4106.66300,2026.53000,
CHN,A,HIST_STD,INDL,C,282040,2017-12-31,CHINA COAL ENERGY CO,170,212112,23652.1390,69950.1740,44.3560,8993.1500,0.0000,80134.9200,80134.9200,4106.66300,2414.42600,
CHN,A,HIST_STD,INDL,C,282040,2018-12-31,CHINA COAL ENERGY CO,170,212112,24132.8570,73228.4230,42.1940,11396.2840,0.0000,103231.0320,103231.0320,4106.66300,3434.57800,
CHN,A,HIST_STD,INDL,C,282040,2019-12-31,CHINA COAL ENERGY CO,170,212112,37998.8070,56744.9440,42.1120,14701.7190,0.0000,128421.4420,128421.4420,4106.66300,5626.43700,
CHN,A,HIST_STD,INDL,C,282040,2020-12-31,CHINA COAL ENERGY CO,170,212112,22975.3670,73139.7330,41.5930,15338.6540,0.0000,140049.5780,140049.5780,4106.66300,5904.16700,
CHN,A,HIST_STD,INDL,C,282040,2021-12-31,CHINA COAL ENERGY CO,170,212112,22297.3860,75456.0120,45.4740,29270.9080,0.0000,229964.3370,229964.3370,4106.66300,13281.90800,
CHN,A,HIST_STD,INDL,C,282040,2022-12-31,CHINA COAL ENERGY CO,170,212112,32808.0440,53683.5460,46.4500,33605.2200,0.0000,219525.2680,219525.2680,4106.66300,18240.53500,
CHN,A,HIST_STD,INDL,C,282040,2023-12-31,CHINA COAL ENERGY CO,170,212112,22037.4970,51484.0870,47.1220,32911.4260,0.0000,192230.9190,192230.9190,4106.66300,19534.04900,
CHN,A,HIST_STD,INDL,C,282040,2024-12-31,CHINA COAL ENERGY CO,170,212112,17825.1700,46567.6460,46.4520,31140.7380,0.0000,188507.9160,188507.9160,4106.66300,19322.93600,
CHN,A,HIST_STD,INDL,C,317057,2014-12-31,SHAANXI COAL IND CO LTD,249,2121,8130.5140,14233.1180,,3736.6340,0.0000,40661.6160,40661.6160,10000.00000,951.49700,2932.85000
CHN,A,HIST_STD,INDL,C,317057,2015-12-31,SHAANXI COAL IND CO LTD,249,2121,9501.1880,15839.0560,56.6940,-762.2030,0.0000,32000.2420,32000.2420,10000.00000,-2988.54200,
CHN,A,HIST_STD,INDL,C,317057,2016-12-31,SHAANXI COAL IND CO LTD,249,2121,14911.9870,9108.6980,,5074.8150,0.0000,32630.9490,32630.9490,10000.00000,2754.88500,
CHN,A,HIST_STD,INDL,C,317057,2017-12-31,SHAANXI COAL IND CO LTD,249,2121,6301.0380,11719.0010,,17436.0950,0.0000,50267.6860,50267.6860,10000.00000,10449.40000,
CHN,A,HIST_STD,INDL,C,317057,2018-12-31,SHAANXI COAL IND CO LTD,249,2121,2646.2880,14933.6400,29.6190,17661.7010,0.0000,56528.7420,56528.7420,10000.00000,10992.83000,
CHN,A,HIST_STD,INDL,C,317057,2019-12-31,SHAANXI COAL IND CO LTD,249,2121,4508.7040,11067.8930,31.2590,18035.1610,0.0000,72553.9280,72553.9280,9695.00000,11643.39800,
CHN,A,HIST_STD,INDL,C,317057,2020-12-31,SHAANXI COAL IND CO LTD,249,2121,6546.3760,6791.5200,36.3440,15190.3420,0.0000,94165.7500,94165.7500,9695.00000,14882.64200,
CHN,A,HIST_STD,INDL,C,317057,2021-12-31,SHAANXI COAL IND CO LTD,249,2121,1622.2090,7286.3950,,37631.7080,0.0000,151612.0990,151612.0990,9695.00000,21139.68800,
CHN,A,HIST_STD,INDL,C,317057,2022-12-31,SHAANXI COAL IND CO LTD,249,2121,2786.2370,4540.5350,39.4860,55270.8080,0.0000,166044.7930,166044.7930,9695.00000,35122.94400,
CHN,A,HIST_STD,INDL,C,317057,2023-12-31,SHAANXI COAL IND CO LTD,249,2121,1923.5410,3279.2870,,44170.5770,0.0000,170062.4710,170062.4710,9695.00000,21239.01500,
CHN,A,HIST_STD,INDL,C,317057,2024-12-31,SHAANXI COAL IND CO LTD,249,2121,4419.0090,14338.5680,44.1570,41228.4850,0.0000,183196.2560,183196.2560,9695.00000,22359.78700,
SAU,A,HIST_STD,INDL,C,334426,2016-12-31,SAUDI ARABIAN OIL CO,306,211111,8982.0000,43477.0000,,319357.0000,0.0000,504596.0000,504596.0000,,,
SAU,A,HIST_STD,INDL,C,334426,2017-12-31,SAUDI ARABIAN OIL CO,306,211111,8906.0000,68692.0000,70.7620,583211.0000,0.0000,835983.0000,835983.0000,,,
SAU,A,HIST_STD,INDL,C,334426,2018-12-31,SAUDI ARABIAN OIL CO,306,211111,29989.0000,71329.0000,76.4180,798233.0000,0.0000,1334778.0000,1334778.0000,,,
SAU,A,HIST_STD,INDL,C,334426,2019-12-31,SAUDI ARABIAN OIL CO,306,211111,24895.0000,150690.0000,79.0000,674446.0000,0.0000,1236785.0000,1236785.0000,199882.81300,330816.00000,
SAU,A,HIST_STD,INDL,C,334426,2020-12-31,SAUDI ARABIAN OIL CO,306,211111,99157.0000,436920.0000,,383269.0000,0.0000,862091.0000,862091.0000,203187.17000,184926.00000,
SAU,A,HIST_STD,INDL,C,334426,2021-12-31,SAUDI ARABIAN OIL CO,306,211111,74550.0000,436371.0000,,771468.0000,0.0000,1501758.0000,1501758.0000,199911.70000,395203.00000,
SAU,A,HIST_STD,INDL,C,334426,2022-12-31,SAUDI ARABIAN OIL CO,306,211111,74764.0000,318380.0000,,1143604.0000,0.0000,2266373.0000,2266373.0000,199923.40000,597215.00000,
SAU,A,HIST_STD,INDL,C,334426,2023-12-31,SAUDI ARABIAN OIL CO,306,211111,63666.0000,226481.0000,,868314.0000,0.0000,1856373.0000,1856373.0000,241948.70000,452753.00000,
SAU,A,HIST_STD,INDL,C,334426,2024-12-31,SAUDI ARABIAN OIL CO,306,211111,57557.0000,261733.0000,,785387.0000,0.0000,1801674.0000,1801674.0000,241854.70000,393891.00000,
